{"name":"5120631c-839b-49e0-b2a0-15120574d783","id":"/providers/Microsoft.Flow/flows/5120631c-839b-49e0-b2a0-15120574d783","type":"Microsoft.Flow/flows","properties":{"apiId":"/providers/Microsoft.PowerApps/apis/shared_logicflows","displayName":"SharePoint List to News Page Generator","definition":{"metadata":{"workflowEntityId":null,"creator":{"id":"7c5a665c-141e-41ac-b798-04221d943aa1","type":"User","tenantId":"32dc2feb-7716-4cf8-b1a6-f02cf37fd6bf"},"provisioningMethod":"FromDefinition","failureAlertSubscription":true,"clientLastModifiedTime":"2019-11-16T17:26:59.9781106Z"},"$schema":"https://schema.management.azure.com/providers/Microsoft.Logic/schemas/2016-06-01/workflowdefinition.json#","contentVersion":"1.0.0.0","parameters":{"$connections":{"defaultValue":{},"type":"Object"},"$authentication":{"defaultValue":{},"type":"SecureObject"}},"triggers":{"When_an_item_is_created_or_modified":{"recurrence":{"interval":1,"frequency":"Minute"},"splitOn":"@triggerBody()?['value']","metadata":{"flowSystemMetadata":{"swaggerOperationId":"GetOnUpdatedItems"}},"type":"ApiConnection","inputs":{"host":{"connection":{"name":"@parameters('$connections')['shared_sharepointonline']['connectionId']"},"api":{"runtimeUrl":"https://flow-apim-msmanaged-na-eastus2-01.azure-apim.net/apim/sharepointonline"}},"method":"get","path":"/datasets/@{encodeURIComponent(encodeURIComponent('https://onemtc.sharepoint.com/sites/FinanceCollaboration'))}/tables/@{encodeURIComponent(encodeURIComponent('435c3222-15e4-4979-aeac-60d80cc17d71'))}/onupdateditems","authentication":"@parameters('$authentication')"}}},"actions":{"Initialize_variable:_stringKeywords_":{"runAfter":{"Initialize_variable:_TemplateID":["Succeeded"]},"type":"InitializeVariable","inputs":{"variables":[{"name":"stringKeywords","type":"String"}]}},"Apply_to_each":{"foreach":"@triggerBody()?['Keyword1']","actions":{"Compose_Keyword_List_as_String":{"runAfter":{},"type":"Compose","inputs":"#@{items('Apply_to_each')?['Value']} @{variables('stringKeywords')}"},"Set_variable":{"runAfter":{"Compose_Keyword_List_as_String":["Succeeded"]},"type":"SetVariable","inputs":{"name":"stringKeywords","value":"@{outputs('Compose_Keyword_List_as_String')}"}}},"runAfter":{"Initialize_variable":["Succeeded"]},"type":"Foreach"},"Switch_-_act_based_on_WorkflowState":{"runAfter":{"Apply_to_each":["Succeeded"]},"cases":{"Case":{"case":"Review","actions":{"Current_time":{"runAfter":{},"type":"Expression","kind":"CurrentTime","inputs":{}},"Convert_time_zone":{"runAfter":{"Current_time":["Succeeded"]},"type":"Expression","kind":"ConvertTimeZone","inputs":{"baseTime":"@body('Current_time')","formatString":"yyyy-MM-dd","sourceTimeZone":"Dateline Standard Time","destinationTimeZone":"Pacific Standard Time"}},"Copy_file":{"runAfter":{"Compose_Converted_Time":["Succeeded"]},"metadata":{"%252fSitePages%252fNews-Template.aspx":"/SitePages/News-Template.aspx","flowSystemMetadata":{"swaggerOperationId":"CopyFileAsync"},"%252fSitePages%252fTemplates%252fNews-Template.aspx":"/SitePages/Templates/News-Template.aspx"},"type":"ApiConnection","inputs":{"host":{"connection":{"name":"@parameters('$connections')['shared_sharepointonline']['connectionId']"},"api":{"runtimeUrl":"https://flow-apim-msmanaged-na-eastus2-01.azure-apim.net/apim/sharepointonline"}},"method":"post","body":{"sourceFileId":"%252fSitePages%252fTemplates%252fNews-Template.aspx","destinationDataset":"https://onemtc.sharepoint.com/sites/FinWeb","destinationFolderPath":"/SitePages","nameConflictBehavior":2},"path":"/datasets/@{encodeURIComponent(encodeURIComponent('https://onemtc.sharepoint.com/sites/FinWeb'))}/copyFileAsync","authentication":"@parameters('$authentication')"}},"Send_an_HTTP_request_to_SharePoint:_Get_Copied_file":{"runAfter":{"Copy_file":["Succeeded"]},"metadata":{"flowSystemMetadata":{"swaggerOperationId":"HttpRequest"}},"type":"ApiConnection","inputs":{"host":{"connection":{"name":"@parameters('$connections')['shared_sharepointonline']['connectionId']"},"api":{"runtimeUrl":"https://flow-apim-msmanaged-na-eastus2-01.azure-apim.net/apim/sharepointonline"}},"method":"post","body":{"method":"GET","uri":"_api/Web/Lists/GetByTitle('Site Pages')/items(@{body('Copy_file')?['ItemId']})","headers":{"accept":"application/json;odata=verbose","content-type":"application/json;odata=verbose"}},"path":"/datasets/@{encodeURIComponent(encodeURIComponent('https://onemtc.sharepoint.com/sites/FinWeb'))}/httprequest","authentication":"@parameters('$authentication')"}},"Update_file_properties":{"runAfter":{"Send_an_HTTP_request_to_SharePoint:_Get_Copied_file":["Succeeded"]},"metadata":{"flowSystemMetadata":{"swaggerOperationId":"PatchFileItem"}},"type":"ApiConnection","inputs":{"host":{"connection":{"name":"@parameters('$connections')['shared_sharepointonline']['connectionId']"},"api":{"runtimeUrl":"https://flow-apim-msmanaged-na-eastus2-01.azure-apim.net/apim/sharepointonline"}},"method":"patch","body":{"Title":"@{outputs('Compose_Converted_Time')}-@{triggerBody()?['Title']}","PromotedState":0},"path":"/datasets/@{encodeURIComponent(encodeURIComponent('https://onemtc.sharepoint.com/sites/FinWeb'))}/tables/@{encodeURIComponent(encodeURIComponent('SIte Pages'))}/items/@{encodeURIComponent(body('Copy_file')?['ItemId'])}/patchfileitem","authentication":"@parameters('$authentication')"}},"Compose_Converted_Time":{"runAfter":{"Convert_time_zone":["Succeeded"]},"type":"Compose","inputs":"@body('Convert_time_zone')"},"Send_an_HTTP_request_to_SharePoint:_Update_content,_metadata_and_name":{"runAfter":{"Update_file_properties":["Succeeded"]},"metadata":{"flowSystemMetadata":{"swaggerOperationId":"HttpRequest"}},"type":"ApiConnection","inputs":{"host":{"connection":{"name":"@parameters('$connections')['shared_sharepointonline']['connectionId']"},"api":{"runtimeUrl":"https://flow-apim-msmanaged-na-eastus2-01.azure-apim.net/apim/sharepointonline"}},"method":"post","body":{"method":"POST","uri":"_api/Web/Lists/GetByTitle('Site Pages')/items(@{body('Copy_file')?['ItemId']})","headers":{"accept":"application/json;odata=verbose","content-type":"application/json;odata=verbose","IF-MATCH":"*","X-HTTP-Method":"MERGE"},"body":"{\n\"__metadata\": {\"type\": \"SP.Data.SitePagesItem\"},\n\"PromotedState\": 2,\n\"FirstPublishedDate\": \"@{utcNow()}\",\n\"FileLeafRef\":\"@{replace(triggerBody()?['Title'], ' ', '-')}\",\n\"Description\": \" @{triggerBody()?['Title']}\",\n\"LayoutWebpartsContent\": \"<div><div data-sp-canvascontrol=\\\"\\\" data-sp-canvasdataversion=\\\"1.4\\\" data-sp-controldata=\\\"&#123;&quot;id&quot;&#58;&quot;cbe7b0a9-3504-44dd-a3a3-0e5cacd07788&quot;,&quot;instanceId&quot;&#58;&quot;cbe7b0a9-3504-44dd-a3a3-0e5cacd07788&quot;,&quot;title&quot;&#58;&quot;Title area&quot;,&quot;description&quot;&#58;&quot;Title Region Description&quot;,&quot;serverProcessedContent&quot;&#58;&#123;&quot;htmlStrings&quot;&#58;&#123;&#125;,&quot;searchablePlainTexts&quot;&#58;&#123;&#125;,&quot;imageSources&quot;&#58;&#123;&#125;,&quot;links&quot;&#58;&#123;&#125;&#125;,&quot;dataVersion&quot;&#58;&quot;1.4&quot;,&quot;properties&quot;&#58;&#123;&quot;title&quot;&#58;&quot;@{triggerBody()?['Title']}&quot;,&quot;titlePlaceholder&quot;&#58;&quot;Name your news post&quot;,&quot;layoutType&quot;&#58;&quot;FullWidthImage&quot;,&quot;textAlignment&quot;&#58;&quot;Left&quot;,&quot;showTopicHeader&quot;&#58;true,&quot;showPublishDate&quot;&#58;true,&quot;topicHeader&quot;&#58;&quot;Company News&quot;,&quot;authors&quot;&#58;[&#123;&quot;id&quot;&#58;&quot;@{variables('AuthSharePointID')}&quot;,&quot;upn&quot;&#58;&quot;@{variables('AuthUPN')}&quot;,&quot;name&quot;&#58;&quot;@{variables('AuthName')}&quot;,&quot;role&quot;&#58;&quot;&quot;&#125;],&quot;authorByline&quot;&#58;[&quot;@{variables('AuthSharePointID')}&quot;]&#125;&#125;\\\"></div></div>\",\n\"CanvasContent1\": \"<div><div data-sp-canvascontrol=\\\"\\\" data-sp-canvasdataversion=\\\"1.0\\\" data-sp-controldata=\\\"&#123;&quot;controlType&quot;&#58;3,&quot;id&quot;&#58;&quot;dddd27d0-79be-45d0-875a-0fc7fd73547e&quot;,&quot;position&quot;&#58;&#123;&quot;zoneIndex&quot;&#58;0.5,&quot;sectionIndex&quot;&#58;1,&quot;controlIndex&quot;&#58;1,&quot;sectionFactor&quot;&#58;4,&quot;layoutIndex&quot;&#58;1&#125;,&quot;webPartId&quot;&#58;&quot;d1d91016-032f-456d-98a4-721247c305e8&quot;,&quot;emphasis&quot;&#58;&#123;&#125;,&quot;reservedHeight&quot;&#58;294,&quot;reservedWidth&quot;&#58;372&#125;\\\"><div data-sp-webpart=\\\"\\\" data-sp-webpartdataversion=\\\"1.8\\\" data-sp-webpartdata=\\\"&#123;&quot;id&quot;&#58;&quot;d1d91016-032f-456d-98a4-721247c305e8&quot;,&quot;instanceId&quot;&#58;&quot;dddd27d0-79be-45d0-875a-0fc7fd73547e&quot;,&quot;title&quot;&#58;&quot;Image&quot;,&quot;description&quot;&#58;&quot;Show an image on your page&quot;,&quot;serverProcessedContent&quot;&#58;&#123;&quot;htmlStrings&quot;&#58;&#123;&#125;,&quot;searchablePlainTexts&quot;&#58;&#123;&quot;captionText&quot;&#58;&quot;&quot;&#125;,&quot;imageSources&quot;&#58;&#123;&quot;imageSource&quot;&#58;&quot;/siteassets/Images/@{triggerBody()?['Location']?['Value']}.jpg&quot;&#125;,&quot;links&quot;&#58;&#123;&quot;linkUrl&quot;&#58;&quot;&quot;&#125;,&quot;customMetadata&quot;&#58;&#123;&quot;imageSource&quot;&#58;&#123;&quot;siteId&quot;&#58;&quot;2e444a5f-69f1-4086-a051-a1120214ee9e&quot;,&quot;webId&quot;&#58;&quot;ce6aa173-697c-4163-b0c3-dd6210c52ce9&quot;,&quot;listId&quot;&#58;&quot;&#123;728521DD-830D-49DB-A23F-0533CD7B3242&#125;&quot;,&quot;uniqueId&quot;&#58;&quot;9d9d7b3c-1d7d-4bc9-8960-de1ff227b49f&quot;,&quot;width&quot;&#58;1600,&quot;height&quot;&#58;1153&#125;&#125;&#125;,&quot;dataVersion&quot;&#58;&quot;1.8&quot;,&quot;properties&quot;&#58;&#123;&quot;imageSourceType&quot;&#58;2,&quot;altText&quot;&#58;&quot;&quot;,&quot;overlayText&quot;&#58;&quot;&quot;,&quot;siteId&quot;&#58;&quot;2e444a5f-69f1-4086-a051-a1120214ee9e&quot;,&quot;webId&quot;&#58;&quot;ce6aa173-697c-4163-b0c3-dd6210c52ce9&quot;,&quot;listId&quot;&#58;&quot;&#123;728521DD-830D-49DB-A23F-0533CD7B3242&#125;&quot;,&quot;uniqueId&quot;&#58;&quot;9d9d7b3c-1d7d-4bc9-8960-de1ff227b49f&quot;,&quot;imgWidth&quot;&#58;1600,&quot;imgHeight&quot;&#58;1153,&quot;fixAspectRatio&quot;&#58;false&#125;&#125;\\\"><div data-sp-componentid=\\\"\\\">d1d91016-032f-456d-98a4-721247c305e8</div><div data-sp-htmlproperties=\\\"\\\"><div data-sp-prop-name=\\\"captionText\\\" data-sp-searchableplaintext=\\\"true\\\"></div><img data-sp-prop-name=\\\"imageSource\\\" src=\\\"/sites/finweb/siteassets/Images/@{triggerBody()?['Location']?['Value']}.jpg\\\" data-sp-cust-siteId=\\\"2e444a5f-69f1-4086-a051-a1120214ee9e\\\" data-sp-cust-webId=\\\"ce6aa173-697c-4163-b0c3-dd6210c52ce9\\\" data-sp-cust-listId=\\\"&#123;728521DD-830D-49DB-A23F-0533CD7B3242&#125;\\\" data-sp-cust-uniqueId=\\\"9d9d7b3c-1d7d-4bc9-8960-de1ff227b49f\\\" data-sp-cust-width=\\\"1600\\\" data-sp-cust-height=\\\"1153\\\" /><a data-sp-prop-name=\\\"linkUrl\\\"></a></div></div></div><div data-sp-canvascontrol=\\\"\\\" data-sp-canvasdataversion=\\\"1.0\\\" data-sp-controldata=\\\"&#123;&quot;controlType&quot;&#58;4,&quot;id&quot;&#58;&quot;8fdd7c25-0842-4beb-b6b6-6c73d7d78de6&quot;,&quot;position&quot;&#58;&#123;&quot;zoneIndex&quot;&#58;0.5,&quot;sectionIndex&quot;&#58;2,&quot;controlIndex&quot;&#58;1,&quot;sectionFactor&quot;&#58;8,&quot;layoutIndex&quot;&#58;1&#125;,&quot;emphasis&quot;&#58;&#123;&#125;,&quot;addedFromPersistedData&quot;&#58;true&#125;\\\"><div data-sp-rte=\\\"\\\"><p><b>Section 1&#58;</b> @{triggerBody()?['Section1']}</p>\\n\\n<p><b>Section 2&#58;</b> @{triggerBody()?['Section2']}</p>\\n\\n<p><b>Section 3&#58;</b> @{triggerBody()?['Section3']}</p>\\n\\n<p><b>Location&#58;</b> @{triggerBody()?['Location']?['Value']}</p>\\n\\n<p><b>Keywords&#58;</b> @{variables('stringKeywords')}</p>\\n</div></div><div data-sp-canvascontrol=\\\"\\\" data-sp-canvasdataversion=\\\"1.0\\\" data-sp-controldata=\\\"&#123;&quot;position&quot;&#58;&#123;&quot;zoneIndex&quot;&#58;1,&quot;sectionIndex&quot;&#58;1,&quot;layoutIndex&quot;&#58;1&#125;,&quot;emphasis&quot;&#58;&#123;&#125;&#125;\\\"></div><div data-sp-canvascontrol=\\\"\\\" data-sp-canvasdataversion=\\\"1.0\\\" data-sp-controldata=\\\"&#123;&quot;controlType&quot;&#58;0,&quot;pageSettingsSlice&quot;&#58;&#123;&quot;isDefaultDescription&quot;&#58;true,&quot;isDefaultThumbnail&quot;&#58;true&#125;&#125;\\\"></div></div>\"\n}"},"path":"/datasets/@{encodeURIComponent(encodeURIComponent('https://onemtc.sharepoint.com/sites/FinWeb'))}/httprequest","authentication":"@parameters('$authentication')"}},"Post_a_message_(V3)":{"runAfter":{"Send_an_HTTP_request_to_SharePoint:_Update_content,_metadata_and_name":["Succeeded"]},"metadata":{"flowSystemMetadata":{"swaggerOperationId":"PostMessageToChannelV3"}},"type":"ApiConnection","inputs":{"host":{"connection":{"name":"@parameters('$connections')['shared_teams']['connectionId']"},"api":{"runtimeUrl":"https://flow-apim-msmanaged-na-northcentralus-01.azure-apim.net/apim/teams"}},"method":"post","body":{"body":{"content":"<p>A new news submission titled \"@{triggerBody()?['Title']}\" was submiited by @{variables('AuthName')}. &nbsp;Note that the page is still in Draft mode, pending approval by this team. &nbsp;&nbsp;Team members can review pages awaiting final edit and approval at <a href=\"https://onemtc.sharepoint.com/sites/FinWeb/SitePages/Forms/RecentChanges.aspx\">https://onemtc.sharepoint.com/sites/FinWeb/SitePages/Forms/RecentChanges.aspx</a>&nbsp;</p>","contentType":"html"},"subject":"New News Submitted: @{triggerBody()?['Title']} (@{variables('AuthName')})"},"path":"/v3/beta/teams/@{encodeURIComponent('0e808313-820c-4343-8618-e9671c8aa34c')}/channels/@{encodeURIComponent('19:2d0b57a4ddf94f4a8687b6c78d2f75a0@thread.skype')}/messages","authentication":"@parameters('$authentication')"}}}}},"default":{"actions":{"Terminate_-_no_state_action_needed":{"runAfter":{},"type":"Terminate","inputs":{"runStatus":"Succeeded"}}}},"expression":"@variables('stringState')","type":"Switch"},"Initialize_variable:_TemplateID":{"runAfter":{},"type":"InitializeVariable","inputs":{"variables":[{"name":"TemplateID","type":"String","value":"20"}]}},"Initialize_variable:_AuthSharePointID":{"runAfter":{"Initialize_variable:_stringKeywords_":["Succeeded"]},"type":"InitializeVariable","inputs":{"variables":[{"name":"AuthSharePointID","type":"String","value":"@triggerBody()?['Editor']?['Claims']"}]}},"Initialize_variable:_AuthUPN-Email":{"runAfter":{"Initialize_variable:_AuthSharePointID":["Succeeded"]},"type":"InitializeVariable","inputs":{"variables":[{"name":"AuthUPN","type":"String","value":"@triggerBody()?['Author']?['Email']"}]}},"Initialize_variable:_AuthorName":{"runAfter":{"Initialize_variable:_AuthUPN-Email":["Succeeded"]},"type":"InitializeVariable","inputs":{"variables":[{"name":"AuthName","type":"String","value":"@triggerBody()?['Author']?['DisplayName']"}]}},"Initialize_variable":{"runAfter":{"Initialize_variable:_AuthorName":["Succeeded"]},"type":"InitializeVariable","inputs":{"variables":[{"name":"stringState","type":"String","value":"@triggerBody()?['workflowState']?['Value']"}]}}}},"connectionReferences":{"shared_sharepointonline":{"connectionName":"shared-sharepointonl-da90eec8-1e9b-486a-9ca3-ec0cf8688fce","source":"Embedded","id":"/providers/Microsoft.PowerApps/apis/shared_sharepointonline","tier":"NotSpecified"},"shared_teams":{"connectionName":"shared-teams-d3d38c10-a191-4840-bc23-1f739ee647c4","source":"Embedded","id":"/providers/Microsoft.PowerApps/apis/shared_teams","tier":"NotSpecified"}},"flowFailureAlertSubscribed":false}}