{"schemaVersion":"1.0","appDefinitionTemplate":{"id":"/providers/Microsoft.PowerApps/apps/","type":"Microsoft.PowerApps/apps","tags":{"minimumRequiredApiVersion":"2.2.0"},"properties":{"appVersion":"2019-11-16T16:21:24Z","lifeCycleId":"Published","createdByClientVersion":{"major":3,"minor":19111,"build":30,"revision":0,"majorRevision":0,"minorRevision":0},"minClientVersion":{"major":3,"minor":19111,"build":30,"revision":0,"majorRevision":0,"minorRevision":0},"backgroundColor":"rgba(0, 138, 0, 1)","backgroundImageUri":"/15111217947681511262/Ne1d1ce38-be9d-4bf9-b257-488dc37e57bc-logoSmallFile","displayName":"News Submission","description":"","commitMessage":"","appUris":{"documentUri":{"value":"/15111217947681511262/N578b3afe-59e9-4aa2-a99a-7a4846fe8274-document.msapp","readonlyValue":"/15111217947681511262/N578b3afe-59e9-4aa2-a99a-7a4846fe8274-document.msapp"},"imageUris":[]},"createdTime":"0001-01-01T00:00:00Z","lastModifiedTime":"0001-01-01T00:00:00Z","sharedGroupsCount":0,"sharedUsersCount":0,"icons":{"smallIconUri":"/15111217947681511262/N8b57d704-f2ba-4c5a-b719-3a202b5362ca-small.png","mediumIconUri":"/15111217947681511262/N424e981c-4f5d-4a2b-b4db-19f1978a92f2-medium.png","largeIconUri":"/15111217947681511262/Nc0be9b5f-2332-4398-9de2-f68e45413d61-large.png","wideIconUri":"/15111217947681511262/N5537d75b-7f03-479b-befc-9b8a8b7af557-wide.png"},"connectionReferences":{"1109b29a-d7ec-4005-b32c-67252214343b":{"id":"23c52a4f-e43a-4e65-b292-723a07975dfd","displayName":"SharePoint","iconUri":"https://connectoricons-prod.azureedge.net/sharepointonline/icon_1.0.1278.1753.png","dataSources":["listNewsContent"],"dependencies":[],"dependents":[],"parameterHints":{},"isOnPremiseConnection":false,"bypassConsent":false,"dataSets":{"https://onemtc.sharepoint.com/sites/FinanceCollaboration":{"dataSources":{"listNewsContent":{"tableName":"435c3222-15e4-4979-aeac-60d80cc17d71"}}}},"apiTier":"Standard","isCustomApiConnection":false}},"databaseReferences":{},"almMode":"Environment","performanceOptimizationEnabled":false,"canConsumeAppPass":true},"isAppComponentLibrary":false,"appComponents":[]}}